Fund Name,Correct At     (Date - dd/mm/yyyy ),ISIN Code,Fund Sedol,Current Price
T. Bailey Dynamic A Acc,01/11/2018,GB00B1LB2Z79B1LB2Z7,,79.34
T. Bailey Dynamic A Acc,02/11/2018,GB00B1LB2Z79B1LB2Z7,,79.54
T. Bailey Dynamic A Acc,05/11/2018,GB00B1LB2Z79B1LB2Z7,,79.91
T. Bailey Dynamic A Acc,06/11/2018,GB00B1LB2Z79B1LB2Z7,,79.76
T. Bailey Dynamic A Acc,07/11/2018,GB00B1LB2Z79B1LB2Z7,,79.79
T. Bailey Dynamic A Acc,08/11/2018,GB00B1LB2Z79B1LB2Z7,,79.86
T. Bailey Dynamic A Acc,09/11/2018,GB00B1LB2Z79B1LB2Z7,,80.07
T. Bailey Dynamic A Acc,12/11/2018,GB00B1LB2Z79B1LB2Z7,,79.86
T. Bailey Dynamic A Acc,13/11/2018,GB00B1LB2Z79B1LB2Z7,,79.82
T. Bailey Dynamic A Acc,14/11/2018,GB00B1LB2Z79B1LB2Z7,,79.59
T. Bailey Dynamic A Acc,15/11/2018,GB00B1LB2Z79B1LB2Z7,,79.37
T. Bailey Dynamic A Acc,16/11/2018,GB00B1LB2Z79B1LB2Z7,,79.48
T. Bailey Dynamic A Acc,19/11/2018,GB00B1LB2Z79B1LB2Z7,,79.5
T. Bailey Dynamic A Acc,20/11/2018,GB00B1LB2Z79B1LB2Z7,,79.56
T. Bailey Dynamic A Acc,21/11/2018,GB00B1LB2Z79B1LB2Z7,,79.06
T. Bailey Dynamic A Acc,22/11/2018,GB00B1LB2Z79B1LB2Z7,,79.05
T. Bailey Dynamic A Acc,23/11/2018,GB00B1LB2Z79B1LB2Z7,,78.96
T. Bailey Dynamic A Acc,26/11/2018,GB00B1LB2Z79B1LB2Z7,,78.98
T. Bailey Dynamic A Acc,27/11/2018,GB00B1LB2Z79B1LB2Z7,,79.03
T. Bailey Dynamic A Acc,28/11/2018,GB00B1LB2Z79B1LB2Z7,,79.08
T. Bailey Dynamic A Acc,29/11/2018,GB00B1LB2Z79B1LB2Z7,,79.17
T. Bailey Dynamic A Acc,30/11/2018,GB00B1LB2Z79B1LB2Z7,,79.47
T. Bailey Dynamic A Acc,03/12/2018,GB00B1LB2Z79B1LB2Z7,,79.64
T. Bailey Dynamic A Acc,04/12/2018,GB00B1LB2Z79B1LB2Z7,,80.07
T. Bailey Dynamic A Acc,05/12/2018,GB00B1LB2Z79B1LB2Z7,,79.75
T. Bailey Dynamic A Acc,06/12/2018,GB00B1LB2Z79B1LB2Z7,,79.41
T. Bailey Dynamic A Acc,07/12/2018,GB00B1LB2Z79B1LB2Z7,,78.85
T. Bailey Dynamic A Acc,10/12/2018,GB00B1LB2Z79B1LB2Z7,,78.9
T. Bailey Dynamic A Acc,11/12/2018,GB00B1LB2Z79B1LB2Z7,,78.64
T. Bailey Dynamic A Acc,12/12/2018,GB00B1LB2Z79B1LB2Z7,,78.84
T. Bailey Dynamic A Acc,13/12/2018,GB00B1LB2Z79B1LB2Z7,,79.16
T. Bailey Dynamic A Acc,14/12/2018,GB00B1LB2Z79B1LB2Z7,,78.98
T. Bailey Dynamic A Acc,17/12/2018,GB00B1LB2Z79B1LB2Z7,,78.85
T. Bailey Dynamic A Acc,18/12/2018,GB00B1LB2Z79B1LB2Z7,,78.67
T. Bailey Dynamic A Acc,19/12/2018,GB00B1LB2Z79B1LB2Z7,,78.23
T. Bailey Dynamic A Acc,20/12/2018,GB00B1LB2Z79B1LB2Z7,,78.44
T. Bailey Dynamic A Acc,21/12/2018,GB00B1LB2Z79B1LB2Z7,,78.13
T. Bailey Dynamic A Acc,24/12/2018,GB00B1LB2Z79B1LB2Z7,,77.91
T. Bailey Dynamic A Acc,27/12/2018,GB00B1LB2Z79B1LB2Z7,,77.8
T. Bailey Dynamic A Acc,28/12/2018,GB00B1LB2Z79B1LB2Z7,,77.74
T. Bailey Dynamic A Acc,31/12/2018,GB00B1LB2Z79B1LB2Z7,,77.88
T. Bailey Dynamic A Acc,02/01/2019,GB00B1LB2Z79B1LB2Z7,,77.99
T. Bailey Dynamic A Acc,03/01/2019,GB00B1LB2Z79B1LB2Z7,,78.06
T. Bailey Dynamic A Acc,04/01/2019,GB00B1LB2Z79B1LB2Z7,,78.07
T. Bailey Dynamic A Acc,07/01/2019,GB00B1LB2Z79B1LB2Z7,,78.13
T. Bailey Dynamic A Acc,08/01/2019,GB00B1LB2Z79B1LB2Z7,,78.27
T. Bailey Dynamic A Acc,09/01/2019,GB00B1LB2Z79B1LB2Z7,,78.4
T. Bailey Dynamic A Acc,10/01/2019,GB00B1LB2Z79B1LB2Z7,,78.7
T. Bailey Dynamic A Acc,11/01/2019,GB00B1LB2Z79B1LB2Z7,,78.8
T. Bailey Dynamic A Acc,14/01/2019,GB00B1LB2Z79B1LB2Z7,,78.77
T. Bailey Dynamic A Acc,15/01/2019,GB00B1LB2Z79B1LB2Z7,,78.53
T. Bailey Dynamic A Acc,16/01/2019,GB00B1LB2Z79B1LB2Z7,,78.66
T. Bailey Dynamic A Acc,17/01/2019,GB00B1LB2Z79B1LB2Z7,,78.76
T. Bailey Dynamic A Acc,18/01/2019,GB00B1LB2Z79B1LB2Z7,,78.75
T. Bailey Dynamic A Acc,21/01/2019,GB00B1LB2Z79B1LB2Z7,,78.89
T. Bailey Dynamic A Acc,22/01/2019,GB00B1LB2Z79B1LB2Z7,,78.99
T. Bailey Dynamic A Acc,23/01/2019,GB00B1LB2Z79B1LB2Z7,,78.91
T. Bailey Dynamic A Acc,24/01/2019,GB00B1LB2Z79B1LB2Z7,,78.71
T. Bailey Dynamic A Acc,25/01/2019,GB00B1LB2Z79B1LB2Z7,,78.87
T. Bailey Dynamic A Acc,28/01/2019,GB00B1LB2Z79B1LB2Z7,,79
T. Bailey Dynamic A Acc,29/01/2019,GB00B1LB2Z79B1LB2Z7,,78.84
T. Bailey Dynamic A Acc,30/01/2019,GB00B1LB2Z79B1LB2Z7,,78.97
T. Bailey Dynamic A Acc,31/01/2019,GB00B1LB2Z79B1LB2Z7,,79.14
T. Bailey Dynamic A Acc,01/02/2019,GB00B1LB2Z79B1LB2Z7,,79.36
T. Bailey Dynamic A Acc,04/02/2019,GB00B1LB2Z79B1LB2Z7,,79.52
T. Bailey Dynamic A Acc,05/02/2019,GB00B1LB2Z79B1LB2Z7,,79.68
T. Bailey Dynamic A Acc,06/02/2019,GB00B1LB2Z79B1LB2Z7,,79.9
T. Bailey Dynamic A Acc,07/02/2019,GB00B1LB2Z79B1LB2Z7,,80.02
T. Bailey Dynamic A Acc,08/02/2019,GB00B1LB2Z79B1LB2Z7,,79.92
T. Bailey Dynamic A Acc,11/02/2019,GB00B1LB2Z79B1LB2Z7,,79.58
T. Bailey Dynamic A Acc,12/02/2019,GB00B1LB2Z79B1LB2Z7,,79.73
T. Bailey Dynamic A Acc,13/02/2019,GB00B1LB2Z79B1LB2Z7,,79.96
T. Bailey Dynamic A Acc,14/02/2019,GB00B1LB2Z79B1LB2Z7,,80.05
T. Bailey Dynamic A Acc,15/02/2019,GB00B1LB2Z79B1LB2Z7,,80.17
T. Bailey Dynamic A Acc,18/02/2019,GB00B1LB2Z79B1LB2Z7,,80.28
T. Bailey Dynamic A Acc,19/02/2019,GB00B1LB2Z79B1LB2Z7,,80.35
T. Bailey Dynamic A Acc,20/02/2019,GB00B1LB2Z79B1LB2Z7,,80.33
T. Bailey Dynamic A Acc,21/02/2019,GB00B1LB2Z79B1LB2Z7,,80.33
T. Bailey Dynamic A Acc,22/02/2019,GB00B1LB2Z79B1LB2Z7,,80.38
T. Bailey Dynamic A Acc,25/02/2019,GB00B1LB2Z79B1LB2Z7,,80.58
T. Bailey Dynamic A Acc,26/02/2019,GB00B1LB2Z79B1LB2Z7,,80.64
T. Bailey Dynamic A Acc,27/02/2019,GB00B1LB2Z79B1LB2Z7,,80.5
T. Bailey Dynamic A Acc,28/02/2019,GB00B1LB2Z79B1LB2Z7,,80.22
T. Bailey Dynamic A Acc,01/03/2019,GB00B1LB2Z79B1LB2Z7,,80.08
T. Bailey Dynamic A Acc,04/03/2019,GB00B1LB2Z79B1LB2Z7,,80.11
T. Bailey Dynamic A Acc,05/03/2019,GB00B1LB2Z79B1LB2Z7,,80.31
T. Bailey Dynamic A Acc,06/03/2019,GB00B1LB2Z79B1LB2Z7,,80.25
T. Bailey Dynamic A Acc,07/03/2019,GB00B1LB2Z79B1LB2Z7,,80.28
T. Bailey Dynamic A Acc,08/03/2019,GB00B1LB2Z79B1LB2Z7,,80.08
T. Bailey Dynamic A Acc,11/03/2019,GB00B1LB2Z79B1LB2Z7,,79.92
T. Bailey Dynamic A Acc,12/03/2019,GB00B1LB2Z79B1LB2Z7,,80.24
T. Bailey Dynamic A Acc,13/03/2019,GB00B1LB2Z79B1LB2Z7,,80.51
T. Bailey Dynamic A Acc,14/03/2019,GB00B1LB2Z79B1LB2Z7,,80.49
T. Bailey Dynamic A Acc,15/03/2019,GB00B1LB2Z79B1LB2Z7,,80.4
T. Bailey Dynamic A Acc,18/03/2019,GB00B1LB2Z79B1LB2Z7,,80.57
T. Bailey Dynamic A Acc,19/03/2019,GB00B1LB2Z79B1LB2Z7,,80.84
T. Bailey Dynamic A Acc,20/03/2019,GB00B1LB2Z79B1LB2Z7,,80.89
T. Bailey Dynamic A Acc,21/03/2019,GB00B1LB2Z79B1LB2Z7,,80.95
T. Bailey Dynamic A Acc,22/03/2019,GB00B1LB2Z79B1LB2Z7,,81.08
T. Bailey Dynamic A Acc,25/03/2019,GB00B1LB2Z79B1LB2Z7,,80.98
T. Bailey Dynamic A Acc,26/03/2019,GB00B1LB2Z79B1LB2Z7,,80.47
T. Bailey Dynamic A Acc,27/03/2019,GB00B1LB2Z79B1LB2Z7,,80.67
T. Bailey Dynamic A Acc,28/03/2019,GB00B1LB2Z79B1LB2Z7,,80.71
T. Bailey Dynamic A Acc,29/03/2019,GB00B1LB2Z79B1LB2Z7,,80.83
T. Bailey Dynamic A Acc,01/04/2019,GB00B1LB2Z79B1LB2Z7,,81.09
T. Bailey Dynamic A Acc,02/04/2019,GB00B1LB2Z79B1LB2Z7,,81.23
T. Bailey Dynamic A Acc,03/04/2019,GB00B1LB2Z79B1LB2Z7,,81.38
T. Bailey Dynamic A Acc,04/04/2019,GB00B1LB2Z79B1LB2Z7,,81.47
T. Bailey Dynamic A Acc,05/04/2019,GB00B1LB2Z79B1LB2Z7,,81.47
T. Bailey Dynamic A Acc,08/04/2019,GB00B1LB2Z79B1LB2Z7,,81.67
T. Bailey Dynamic A Acc,09/04/2019,GB00B1LB2Z79B1LB2Z7,,81.81
T. Bailey Dynamic A Acc,10/04/2019,GB00B1LB2Z79B1LB2Z7,,81.78
T. Bailey Dynamic A Acc,11/04/2019,GB00B1LB2Z79B1LB2Z7,,81.78
T. Bailey Dynamic A Acc,12/04/2019,GB00B1LB2Z79B1LB2Z7,,81.8
T. Bailey Dynamic A Acc,15/04/2019,GB00B1LB2Z79B1LB2Z7,,81.87
T. Bailey Dynamic A Acc,16/04/2019,GB00B1LB2Z79B1LB2Z7,,81.93
T. Bailey Dynamic A Acc,17/04/2019,GB00B1LB2Z79B1LB2Z7,,81.97
T. Bailey Dynamic A Acc,18/04/2019,GB00B1LB2Z79B1LB2Z7,,81.98
T. Bailey Dynamic A Acc,23/04/2019,GB00B1LB2Z79B1LB2Z7,,81.86
T. Bailey Dynamic A Acc,24/04/2019,GB00B1LB2Z79B1LB2Z7,,81.95
T. Bailey Dynamic A Acc,25/04/2019,GB00B1LB2Z79B1LB2Z7,,82.16
T. Bailey Dynamic A Acc,26/04/2019,GB00B1LB2Z79B1LB2Z7,,82.11
T. Bailey Dynamic A Acc,29/04/2019,GB00B1LB2Z79B1LB2Z7,,82.14
T. Bailey Dynamic A Acc,30/04/2019,GB00B1LB2Z79B1LB2Z7,,82.26
T. Bailey Dynamic A Acc,01/05/2019,GB00B1LB2Z79B1LB2Z7,,82.25
T. Bailey Dynamic A Acc,02/05/2019,GB00B1LB2Z79B1LB2Z7,,82.08
T. Bailey Dynamic A Acc,03/05/2019,GB00B1LB2Z79B1LB2Z7,,81.92
T. Bailey Dynamic A Acc,07/05/2019,GB00B1LB2Z79B1LB2Z7,,81.91
T. Bailey Dynamic A Acc,08/05/2019,GB00B1LB2Z79B1LB2Z7,,81.65
T. Bailey Dynamic A Acc,09/05/2019,GB00B1LB2Z79B1LB2Z7,,81.51
T. Bailey Dynamic A Acc,10/05/2019,GB00B1LB2Z79B1LB2Z7,,81.42
T. Bailey Dynamic A Acc,13/05/2019,GB00B1LB2Z79B1LB2Z7,,81.4
T. Bailey Dynamic A Acc,14/05/2019,GB00B1LB2Z79B1LB2Z7,,81.22
T. Bailey Dynamic A Acc,15/05/2019,GB00B1LB2Z79B1LB2Z7,,81.17
T. Bailey Dynamic A Acc,16/05/2019,GB00B1LB2Z79B1LB2Z7,,81.39
T. Bailey Dynamic A Acc,17/05/2019,GB00B1LB2Z79B1LB2Z7,,81.54
T. Bailey Dynamic A Acc,20/05/2019,GB00B1LB2Z79B1LB2Z7,,81.55
T. Bailey Dynamic A Acc,21/05/2019,GB00B1LB2Z79B1LB2Z7,,81.52
T. Bailey Dynamic A Acc,22/05/2019,GB00B1LB2Z79B1LB2Z7,,81.57
T. Bailey Dynamic A Acc,23/05/2019,GB00B1LB2Z79B1LB2Z7,,81.6
T. Bailey Dynamic A Acc,24/05/2019,GB00B1LB2Z79B1LB2Z7,,81.59
T. Bailey Dynamic A Acc,28/05/2019,GB00B1LB2Z79B1LB2Z7,,81.76
T. Bailey Dynamic A Acc,29/05/2019,GB00B1LB2Z79B1LB2Z7,,81.8
T. Bailey Dynamic A Acc,30/05/2019,GB00B1LB2Z79B1LB2Z7,,81.57
T. Bailey Dynamic A Acc,31/05/2019,GB00B1LB2Z79B1LB2Z7,,81.55
T. Bailey Dynamic A Acc,03/06/2019,GB00B1LB2Z79B1LB2Z7,,81.64
T. Bailey Dynamic A Acc,04/06/2019,GB00B1LB2Z79B1LB2Z7,,81.62
T. Bailey Dynamic A Acc,05/06/2019,GB00B1LB2Z79B1LB2Z7,,81.71
T. Bailey Dynamic A Acc,06/06/2019,GB00B1LB2Z79B1LB2Z7,,81.78
T. Bailey Dynamic A Acc,07/06/2019,GB00B1LB2Z79B1LB2Z7,,81.86
T. Bailey Dynamic A Acc,10/06/2019,GB00B1LB2Z79B1LB2Z7,,81.99
T. Bailey Dynamic A Acc,11/06/2019,GB00B1LB2Z79B1LB2Z7,,82.31
T. Bailey Dynamic A Acc,12/06/2019,GB00B1LB2Z79B1LB2Z7,,82.46
T. Bailey Dynamic A Acc,13/06/2019,GB00B1LB2Z79B1LB2Z7,,82.35
T. Bailey Dynamic A Acc,14/06/2019,GB00B1LB2Z79B1LB2Z7,,82.48
T. Bailey Dynamic A Acc,17/06/2019,GB00B1LB2Z79B1LB2Z7,,82.34
T. Bailey Dynamic A Acc,18/06/2019,GB00B1LB2Z79B1LB2Z7,,82.4
T. Bailey Dynamic A Acc,19/06/2019,GB00B1LB2Z79B1LB2Z7,,82.61
T. Bailey Dynamic A Acc,20/06/2019,GB00B1LB2Z79B1LB2Z7,,82.78
T. Bailey Dynamic A Acc,21/06/2019,GB00B1LB2Z79B1LB2Z7,,82.89
T. Bailey Dynamic A Acc,24/06/2019,GB00B1LB2Z79B1LB2Z7,,82.86
T. Bailey Dynamic A Acc,25/06/2019,GB00B1LB2Z79B1LB2Z7,,82.97
T. Bailey Dynamic A Acc,26/06/2019,GB00B1LB2Z79B1LB2Z7,,82.94
T. Bailey Dynamic A Acc,27/06/2019,GB00B1LB2Z79B1LB2Z7,,82.76
T. Bailey Dynamic A Acc,28/06/2019,GB00B1LB2Z79B1LB2Z7,,82.64
T. Bailey Dynamic A Acc,01/07/2019,GB00B1LB2Z79B1LB2Z7,,82.66
T. Bailey Dynamic A Acc,02/07/2019,GB00B1LB2Z79B1LB2Z7,,82.83
T. Bailey Dynamic A Acc,03/07/2019,GB00B1LB2Z79B1LB2Z7,,83.1
T. Bailey Dynamic A Acc,04/07/2019,GB00B1LB2Z79B1LB2Z7,,83.32
T. Bailey Dynamic A Acc,05/07/2019,GB00B1LB2Z79B1LB2Z7,,83.42
T. Bailey Dynamic A Acc,08/07/2019,GB00B1LB2Z79B1LB2Z7,,83.38
T. Bailey Dynamic A Acc,09/07/2019,GB00B1LB2Z79B1LB2Z7,,83.08
T. Bailey Dynamic A Acc,10/07/2019,GB00B1LB2Z79B1LB2Z7,,83.04
T. Bailey Dynamic A Acc,11/07/2019,GB00B1LB2Z79B1LB2Z7,,83.23
T. Bailey Dynamic A Acc,12/07/2019,GB00B1LB2Z79B1LB2Z7,,83.2
T. Bailey Dynamic A Acc,15/07/2019,GB00B1LB2Z79B1LB2Z7,,83.19
T. Bailey Dynamic A Acc,16/07/2019,GB00B1LB2Z79B1LB2Z7,,83.15
T. Bailey Dynamic A Acc,17/07/2019,GB00B1LB2Z79B1LB2Z7,,83.28
T. Bailey Dynamic A Acc,18/07/2019,GB00B1LB2Z79B1LB2Z7,,83.31
T. Bailey Dynamic A Acc,19/07/2019,GB00B1LB2Z79B1LB2Z7,,83.28
T. Bailey Dynamic A Acc,22/07/2019,GB00B1LB2Z79B1LB2Z7,,83.22
T. Bailey Dynamic A Acc,23/07/2019,GB00B1LB2Z79B1LB2Z7,,83.18
T. Bailey Dynamic A Acc,24/07/2019,GB00B1LB2Z79B1LB2Z7,,83.21
T. Bailey Dynamic A Acc,25/07/2019,GB00B1LB2Z79B1LB2Z7,,83.18
T. Bailey Dynamic A Acc,26/07/2019,GB00B1LB2Z79B1LB2Z7,,83.18
T. Bailey Dynamic A Acc,29/07/2019,GB00B1LB2Z79B1LB2Z7,,83.27
T. Bailey Dynamic A Acc,30/07/2019,GB00B1LB2Z79B1LB2Z7,,83.51
T. Bailey Dynamic A Acc,31/07/2019,GB00B1LB2Z79B1LB2Z7,,83.6
T. Bailey Dynamic A Acc,01/08/2019,GB00B1LB2Z79B1LB2Z7,,83.38
T. Bailey Dynamic A Acc,02/08/2019,GB00B1LB2Z79B1LB2Z7,,83.21
T. Bailey Dynamic A Acc,05/08/2019,GB00B1LB2Z79B1LB2Z7,,83.13
T. Bailey Dynamic A Acc,06/08/2019,GB00B1LB2Z79B1LB2Z7,,82.73
T. Bailey Dynamic A Acc,07/08/2019,GB00B1LB2Z79B1LB2Z7,,82.61
T. Bailey Dynamic A Acc,08/08/2019,GB00B1LB2Z79B1LB2Z7,,82.82
T. Bailey Dynamic A Acc,09/08/2019,GB00B1LB2Z79B1LB2Z7,,83.05
T. Bailey Dynamic A Acc,12/08/2019,GB00B1LB2Z79B1LB2Z7,,83.27
T. Bailey Dynamic A Acc,13/08/2019,GB00B1LB2Z79B1LB2Z7,,83.31
T. Bailey Dynamic A Acc,14/08/2019,GB00B1LB2Z79B1LB2Z7,,83.1
T. Bailey Dynamic A Acc,15/08/2019,GB00B1LB2Z79B1LB2Z7,,82.96
T. Bailey Dynamic A Acc,16/08/2019,GB00B1LB2Z79B1LB2Z7,,82.73
T. Bailey Dynamic A Acc,19/08/2019,GB00B1LB2Z79B1LB2Z7,,82.8
T. Bailey Dynamic A Acc,20/08/2019,GB00B1LB2Z79B1LB2Z7,,82.88
T. Bailey Dynamic A Acc,21/08/2019,GB00B1LB2Z79B1LB2Z7,,82.99
T. Bailey Dynamic A Acc,22/08/2019,GB00B1LB2Z79B1LB2Z7,,82.92
T. Bailey Dynamic A Acc,23/08/2019,GB00B1LB2Z79B1LB2Z7,,82.86
T. Bailey Dynamic A Acc,27/08/2019,GB00B1LB2Z79B1LB2Z7,,82.82
T. Bailey Dynamic A Acc,28/08/2019,GB00B1LB2Z79B1LB2Z7,,82.91
T. Bailey Dynamic A Acc,29/08/2019,GB00B1LB2Z79B1LB2Z7,,83.03
T. Bailey Dynamic A Acc,30/08/2019,GB00B1LB2Z79B1LB2Z7,,83.1
T. Bailey Dynamic A Acc,02/09/2019,GB00B1LB2Z79B1LB2Z7,,83.19
T. Bailey Dynamic A Acc,03/09/2019,GB00B1LB2Z79B1LB2Z7,,83.28
T. Bailey Dynamic A Acc,04/09/2019,GB00B1LB2Z79B1LB2Z7,,83.32
T. Bailey Dynamic A Acc,05/09/2019,GB00B1LB2Z79B1LB2Z7,,83.45
T. Bailey Dynamic A Acc,06/09/2019,GB00B1LB2Z79B1LB2Z7,,83.33
T. Bailey Dynamic A Acc,09/09/2019,GB00B1LB2Z79B1LB2Z7,,83.27
T. Bailey Dynamic A Acc,10/09/2019,GB00B1LB2Z79B1LB2Z7,,83.11
T. Bailey Dynamic A Acc,11/09/2019,GB00B1LB2Z79B1LB2Z7,,82.81
T. Bailey Dynamic A Acc,12/09/2019,GB00B1LB2Z79B1LB2Z7,,82.7
T. Bailey Dynamic A Acc,13/09/2019,GB00B1LB2Z79B1LB2Z7,,82.78
T. Bailey Dynamic A Acc,16/09/2019,GB00B1LB2Z79B1LB2Z7,,82.75
T. Bailey Dynamic A Acc,17/09/2019,GB00B1LB2Z79B1LB2Z7,,82.49
T. Bailey Dynamic A Acc,18/09/2019,GB00B1LB2Z79B1LB2Z7,,82.4
T. Bailey Dynamic A Acc,19/09/2019,GB00B1LB2Z79B1LB2Z7,,82.52
T. Bailey Dynamic A Acc,20/09/2019,GB00B1LB2Z79B1LB2Z7,,82.58
T. Bailey Dynamic A Acc,23/09/2019,GB00B1LB2Z79B1LB2Z7,,82.71
T. Bailey Dynamic A Acc,24/09/2019,GB00B1LB2Z79B1LB2Z7,,82.78
T. Bailey Dynamic A Acc,25/09/2019,GB00B1LB2Z79B1LB2Z7,,82.84
T. Bailey Dynamic A Acc,26/09/2019,GB00B1LB2Z79B1LB2Z7,,82.61
T. Bailey Dynamic A Acc,27/09/2019,GB00B1LB2Z79B1LB2Z7,,82.69
T. Bailey Dynamic A Acc,30/09/2019,GB00B1LB2Z79B1LB2Z7,,82.71
T. Bailey Dynamic A Acc,01/10/2019,GB00B1LB2Z79B1LB2Z7,,82.51
T. Bailey Dynamic A Acc,02/10/2019,GB00B1LB2Z79B1LB2Z7,,82.4
T. Bailey Dynamic A Acc,03/10/2019,GB00B1LB2Z79B1LB2Z7,,82.15
T. Bailey Dynamic A Acc,04/10/2019,GB00B1LB2Z79B1LB2Z7,,81.93
T. Bailey Dynamic A Acc,07/10/2019,GB00B1LB2Z79B1LB2Z7,,81.91
T. Bailey Dynamic A Acc,08/10/2019,GB00B1LB2Z79B1LB2Z7,,82.21
T. Bailey Dynamic A Acc,09/10/2019,GB00B1LB2Z79B1LB2Z7,,82.22
T. Bailey Dynamic A Acc,10/10/2019,GB00B1LB2Z79B1LB2Z7,,82.16
T. Bailey Dynamic A Acc,11/10/2019,GB00B1LB2Z79B1LB2Z7,,82.14
T. Bailey Dynamic A Acc,14/10/2019,GB00B1LB2Z79B1LB2Z7,,82.03
T. Bailey Dynamic A Acc,15/10/2019,GB00B1LB2Z79B1LB2Z7,,81.87
T. Bailey Dynamic A Acc,16/10/2019,GB00B1LB2Z79B1LB2Z7,,81.85
T. Bailey Dynamic A Acc,17/10/2019,GB00B1LB2Z79B1LB2Z7,,81.88
T. Bailey Dynamic A Acc,18/10/2019,GB00B1LB2Z79B1LB2Z7,,81.96
T. Bailey Dynamic A Acc,21/10/2019,GB00B1LB2Z79B1LB2Z7,,82.04
T. Bailey Dynamic A Acc,22/10/2019,GB00B1LB2Z79B1LB2Z7,,81.91
T. Bailey Dynamic A Acc,23/10/2019,GB00B1LB2Z79B1LB2Z7,,81.92
T. Bailey Dynamic A Acc,24/10/2019,GB00B1LB2Z79B1LB2Z7,,81.94
T. Bailey Dynamic A Acc,25/10/2019,GB00B1LB2Z79B1LB2Z7,,81.98
T. Bailey Dynamic A Acc,28/10/2019,GB00B1LB2Z79B1LB2Z7,,82.03
T. Bailey Dynamic A Acc,29/10/2019,GB00B1LB2Z79B1LB2Z7,,82.03
T. Bailey Dynamic A Acc,30/10/2019,GB00B1LB2Z79B1LB2Z7,,81.99
T. Bailey Dynamic A Acc,31/10/2019,GB00B1LB2Z79B1LB2Z7,,82.01
T. Bailey Dynamic A Acc,01/11/2019,GB00B1LB2Z79B1LB2Z7,,82.15
T. Bailey Dynamic A Acc,04/11/2019,GB00B1LB2Z79B1LB2Z7,,82.42
T. Bailey Dynamic A Acc,05/11/2019,GB00B1LB2Z79B1LB2Z7,,82.6
T. Bailey Dynamic A Acc,06/11/2019,GB00B1LB2Z79B1LB2Z7,,82.58
T. Bailey Dynamic A Acc,07/11/2019,GB00B1LB2Z79B1LB2Z7,,82.57
T. Bailey Dynamic A Acc,08/11/2019,GB00B1LB2Z79B1LB2Z7,,82.62
T. Bailey Dynamic A Acc,11/11/2019,GB00B1LB2Z79B1LB2Z7,,82.55
T. Bailey Dynamic A Acc,12/11/2019,GB00B1LB2Z79B1LB2Z7,,82.42
T. Bailey Dynamic A Acc,13/11/2019,GB00B1LB2Z79B1LB2Z7,,82.49
T. Bailey Dynamic A Acc,14/11/2019,GB00B1LB2Z79B1LB2Z7,,82.36
T. Bailey Dynamic A Acc,15/11/2019,GB00B1LB2Z79B1LB2Z7,,82.32
T. Bailey Dynamic A Acc,18/11/2019,GB00B1LB2Z79B1LB2Z7,,82.36
T. Bailey Dynamic A Acc,19/11/2019,GB00B1LB2Z79B1LB2Z7,,82.5
T. Bailey Dynamic A Acc,20/11/2019,GB00B1LB2Z79B1LB2Z7,,82.47
T. Bailey Dynamic A Acc,21/11/2019,GB00B1LB2Z79B1LB2Z7,,82.47
T. Bailey Dynamic A Acc,22/11/2019,GB00B1LB2Z79B1LB2Z7,,82.36
T. Bailey Dynamic A Acc,25/11/2019,GB00B1LB2Z79B1LB2Z7,,82.41
T. Bailey Dynamic A Acc,26/11/2019,GB00B1LB2Z79B1LB2Z7,,82.65
T. Bailey Dynamic A Acc,27/11/2019,GB00B1LB2Z79B1LB2Z7,,82.74
T. Bailey Dynamic A Acc,28/11/2019,GB00B1LB2Z79B1LB2Z7,,82.85
T. Bailey Dynamic A Acc,29/11/2019,GB00B1LB2Z79B1LB2Z7,,82.84
T. Bailey Dynamic A Acc,02/12/2019,GB00B1LB2Z79B1LB2Z7,,82.82
T. Bailey Dynamic A Acc,03/12/2019,GB00B1LB2Z79B1LB2Z7,,82.75
T. Bailey Dynamic A Acc,04/12/2019,GB00B1LB2Z79B1LB2Z7,,82.5
T. Bailey Dynamic A Acc,05/12/2019,GB00B1LB2Z79B1LB2Z7,,82.44
T. Bailey Dynamic A Acc,06/12/2019,GB00B1LB2Z79B1LB2Z7,,82.41
T. Bailey Dynamic A Acc,09/12/2019,GB00B1LB2Z79B1LB2Z7,,82.6
T. Bailey Dynamic A Acc,10/12/2019,GB00B1LB2Z79B1LB2Z7,,82.69
T. Bailey Dynamic A Acc,11/12/2019,GB00B1LB2Z79B1LB2Z7,,82.65
T. Bailey Dynamic A Acc,12/12/2019,GB00B1LB2Z79B1LB2Z7,,82.62
T. Bailey Dynamic A Acc,13/12/2019,GB00B1LB2Z79B1LB2Z7,,83.57
T. Bailey Dynamic A Acc,16/12/2019,GB00B1LB2Z79B1LB2Z7,,83.62
T. Bailey Dynamic A Acc,17/12/2019,GB00B1LB2Z79B1LB2Z7,,83.84
T. Bailey Dynamic A Acc,18/12/2019,GB00B1LB2Z79B1LB2Z7,,84.05
T. Bailey Dynamic A Acc,19/12/2019,GB00B1LB2Z79B1LB2Z7,,84.26
T. Bailey Dynamic A Acc,20/12/2019,GB00B1LB2Z79B1LB2Z7,,84.43
T. Bailey Dynamic A Acc,23/12/2019,GB00B1LB2Z79B1LB2Z7,,84.66
T. Bailey Dynamic A Acc,24/12/2019,GB00B1LB2Z79B1LB2Z7,,84.8
T. Bailey Dynamic A Acc,27/12/2019,GB00B1LB2Z79B1LB2Z7,,85.12
T. Bailey Dynamic A Acc,30/12/2019,GB00B1LB2Z79B1LB2Z7,,85.08
T. Bailey Dynamic A Acc,31/12/2019,GB00B1LB2Z79B1LB2Z7,,85.23
T. Bailey Dynamic A Acc,02/01/2020,GB00B1LB2Z79B1LB2Z7,,85.23
T. Bailey Dynamic A Acc,03/01/2020,GB00B1LB2Z79B1LB2Z7,,85.3
T. Bailey Dynamic A Acc,06/01/2020,GB00B1LB2Z79B1LB2Z7,,85.39
T. Bailey Dynamic A Acc,07/01/2020,GB00B1LB2Z79B1LB2Z7,,85.21
T. Bailey Dynamic A Acc,08/01/2020,GB00B1LB2Z79B1LB2Z7,,85.35
T. Bailey Dynamic A Acc,09/01/2020,GB00B1LB2Z79B1LB2Z7,,85.22
T. Bailey Dynamic A Acc,10/01/2020,GB00B1LB2Z79B1LB2Z7,,85.43
T. Bailey Dynamic A Acc,13/01/2020,GB00B1LB2Z79B1LB2Z7,,85.6
T. Bailey Dynamic A Acc,14/01/2020,GB00B1LB2Z79B1LB2Z7,,85.68
T. Bailey Dynamic A Acc,15/01/2020,GB00B1LB2Z79B1LB2Z7,,85.8
T. Bailey Dynamic A Acc,16/01/2020,GB00B1LB2Z79B1LB2Z7,,85.91
T. Bailey Dynamic A Acc,17/01/2020,GB00B1LB2Z79B1LB2Z7,,86.02
T. Bailey Dynamic A Acc,20/01/2020,GB00B1LB2Z79B1LB2Z7,,86.1
T. Bailey Dynamic A Acc,21/01/2020,GB00B1LB2Z79B1LB2Z7,,86.01
T. Bailey Dynamic A Acc,22/01/2020,GB00B1LB2Z79B1LB2Z7,,85.76
T. Bailey Dynamic A Acc,23/01/2020,GB00B1LB2Z79B1LB2Z7,,85.75
T. Bailey Dynamic A Acc,24/01/2020,GB00B1LB2Z79B1LB2Z7,,85.68
T. Bailey Dynamic A Acc,27/01/2020,GB00B1LB2Z79B1LB2Z7,,85.68
T. Bailey Dynamic A Acc,28/01/2020,GB00B1LB2Z79B1LB2Z7,,85.1
T. Bailey Dynamic A Acc,29/01/2020,GB00B1LB2Z79B1LB2Z7,,84.98
T. Bailey Dynamic A Acc,30/01/2020,GB00B1LB2Z79B1LB2Z7,,85.03
T. Bailey Dynamic A Acc,31/01/2020,GB00B1LB2Z79B1LB2Z7,,84.71
T. Bailey Dynamic A Acc,03/02/2020,GB00B1LB2Z79B1LB2Z7,,84.46
T. Bailey Dynamic A Acc,04/02/2020,GB00B1LB2Z79B1LB2Z7,,84.35
T. Bailey Dynamic A Acc,05/02/2020,GB00B1LB2Z79B1LB2Z7,,84.66
T. Bailey Dynamic A Acc,06/02/2020,GB00B1LB2Z79B1LB2Z7,,85
T. Bailey Dynamic A Acc,07/02/2020,GB00B1LB2Z79B1LB2Z7,,85.17
T. Bailey Dynamic A Acc,10/02/2020,GB00B1LB2Z79B1LB2Z7,,85.16
T. Bailey Dynamic A Acc,11/02/2020,GB00B1LB2Z79B1LB2Z7,,85.01
T. Bailey Dynamic A Acc,12/02/2020,GB00B1LB2Z79B1LB2Z7,,85.27
T. Bailey Dynamic A Acc,13/02/2020,GB00B1LB2Z79B1LB2Z7,,85.35
T. Bailey Dynamic A Acc,14/02/2020,GB00B1LB2Z79B1LB2Z7,,85.33
T. Bailey Dynamic A Acc,17/02/2020,GB00B1LB2Z79B1LB2Z7,,85.4
T. Bailey Dynamic A Acc,18/02/2020,GB00B1LB2Z79B1LB2Z7,,85.53
T. Bailey Dynamic A Acc,19/02/2020,GB00B1LB2Z79B1LB2Z7,,85.4
T. Bailey Dynamic A Acc,20/02/2020,GB00B1LB2Z79B1LB2Z7,,85.67
T. Bailey Dynamic A Acc,21/02/2020,GB00B1LB2Z79B1LB2Z7,,85.78
T. Bailey Dynamic A Acc,24/02/2020,GB00B1LB2Z79B1LB2Z7,,85.73
T. Bailey Dynamic A Acc,25/02/2020,GB00B1LB2Z79B1LB2Z7,,85.02
T. Bailey Dynamic A Acc,26/02/2020,GB00B1LB2Z79B1LB2Z7,,84.22
T. Bailey Dynamic A Acc,27/02/2020,GB00B1LB2Z79B1LB2Z7,,83.38
T. Bailey Dynamic A Acc,28/02/2020,GB00B1LB2Z79B1LB2Z7,,82.63
T. Bailey Dynamic A Acc,02/03/2020,GB00B1LB2Z79B1LB2Z7,,81.32
T. Bailey Dynamic A Acc,03/03/2020,GB00B1LB2Z79B1LB2Z7,,81.22
T. Bailey Dynamic A Acc,04/03/2020,GB00B1LB2Z79B1LB2Z7,,81.94
T. Bailey Dynamic A Acc,05/03/2020,GB00B1LB2Z79B1LB2Z7,,82.14
T. Bailey Dynamic A Acc,06/03/2020,GB00B1LB2Z79B1LB2Z7,,82.17
T. Bailey Dynamic A Acc,09/03/2020,GB00B1LB2Z79B1LB2Z7,,82.17
T. Bailey Dynamic A Acc,10/03/2020,GB00B1LB2Z79B1LB2Z7,,79.65
T. Bailey Dynamic A Acc,11/03/2020,GB00B1LB2Z79B1LB2Z7,,78.47
T. Bailey Dynamic A Acc,12/03/2020,GB00B1LB2Z79B1LB2Z7,,75.3
T. Bailey Dynamic A Acc,13/03/2020,GB00B1LB2Z79B1LB2Z7,,75.9
T. Bailey Dynamic A Acc,16/03/2020,GB00B1LB2Z79B1LB2Z7,,73.65
T. Bailey Dynamic A Acc,17/03/2020,GB00B1LB2Z79B1LB2Z7,,70.96
T. Bailey Dynamic A Acc,18/03/2020,GB00B1LB2Z79B1LB2Z7,,69.56
T. Bailey Dynamic A Acc,19/03/2020,GB00B1LB2Z79B1LB2Z7,,67.6
T. Bailey Dynamic A Acc,23/03/2020,GB00B1LB2Z79B1LB2Z7,,65.75
T. Bailey Dynamic A Acc,24/03/2020,GB00B1LB2Z79B1LB2Z7,,67
T. Bailey Dynamic A Acc,25/03/2020,GB00B1LB2Z79B1LB2Z7,,69.88
T. Bailey Dynamic A Acc,26/03/2020,GB00B1LB2Z79B1LB2Z7,,68.85
T. Bailey Dynamic A Acc,27/03/2020,GB00B1LB2Z79B1LB2Z7,,71.2
T. Bailey Dynamic A Acc,30/03/2020,GB00B1LB2Z79B1LB2Z7,,71.01
T. Bailey Dynamic A Acc,31/03/2020,GB00B1LB2Z79B1LB2Z7,,71.02
T. Bailey Dynamic A Acc,01/04/2020,GB00B1LB2Z79B1LB2Z7,,71.36
T. Bailey Dynamic A Acc,02/04/2020,GB00B1LB2Z79B1LB2Z7,,70.99
T. Bailey Dynamic A Acc,03/04/2020,GB00B1LB2Z79B1LB2Z7,,70.74
T. Bailey Dynamic A Acc,06/04/2020,GB00B1LB2Z79B1LB2Z7,,71.05
T. Bailey Dynamic A Acc,07/04/2020,GB00B1LB2Z79B1LB2Z7,,72.07
T. Bailey Dynamic A Acc,08/04/2020,GB00B1LB2Z79B1LB2Z7,,72.84
T. Bailey Dynamic A Acc,09/04/2020,GB00B1LB2Z79B1LB2Z7,,73.25
T. Bailey Dynamic A Acc,14/04/2020,GB00B1LB2Z79B1LB2Z7,,74.07
T. Bailey Dynamic A Acc,15/04/2020,GB00B1LB2Z79B1LB2Z7,,74.34
T. Bailey Dynamic A Acc,16/04/2020,GB00B1LB2Z79B1LB2Z7,,74.35
T. Bailey Dynamic A Acc,17/04/2020,GB00B1LB2Z79B1LB2Z7,,74.32
T. Bailey Dynamic A Acc,20/04/2020,GB00B1LB2Z79B1LB2Z7,,74.73
T. Bailey Dynamic A Acc,21/04/2020,GB00B1LB2Z79B1LB2Z7,,74.66
T. Bailey Dynamic A Acc,22/04/2020,GB00B1LB2Z79B1LB2Z7,,74.58
T. Bailey Dynamic A Acc,23/04/2020,GB00B1LB2Z79B1LB2Z7,,74.84
T. Bailey Dynamic A Acc,24/04/2020,GB00B1LB2Z79B1LB2Z7,,75.05
T. Bailey Dynamic A Acc,27/04/2020,GB00B1LB2Z79B1LB2Z7,,75.26
T. Bailey Dynamic A Acc,28/04/2020,GB00B1LB2Z79B1LB2Z7,,75.57
T. Bailey Dynamic A Acc,29/04/2020,GB00B1LB2Z79B1LB2Z7,,75.87
T. Bailey Dynamic A Acc,30/04/2020,GB00B1LB2Z79B1LB2Z7,,76.05
T. Bailey Dynamic A Acc,01/05/2020,GB00B1LB2Z79B1LB2Z7,,75.75
T. Bailey Dynamic A Acc,04/05/2020,GB00B1LB2Z79B1LB2Z7,,75.39
T. Bailey Dynamic A Acc,05/05/2020,GB00B1LB2Z79B1LB2Z7,,75.4
T. Bailey Dynamic A Acc,06/05/2020,GB00B1LB2Z79B1LB2Z7,,75.45
T. Bailey Dynamic A Acc,07/05/2020,GB00B1LB2Z79B1LB2Z7,,75.61
T. Bailey Dynamic A Acc,11/05/2020,GB00B1LB2Z79B1LB2Z7,,76.1
T. Bailey Dynamic A Acc,12/05/2020,GB00B1LB2Z79B1LB2Z7,,76.51
T. Bailey Dynamic A Acc,13/05/2020,GB00B1LB2Z79B1LB2Z7,,76.52
T. Bailey Dynamic A Acc,14/05/2020,GB00B1LB2Z79B1LB2Z7,,76.18
T. Bailey Dynamic A Acc,15/05/2020,GB00B1LB2Z79B1LB2Z7,,76.01
T. Bailey Dynamic A Acc,18/05/2020,GB00B1LB2Z79B1LB2Z7,,76.47
T. Bailey Dynamic A Acc,19/05/2020,GB00B1LB2Z79B1LB2Z7,,76.99
T. Bailey Dynamic A Acc,20/05/2020,GB00B1LB2Z79B1LB2Z7,,77.59
T. Bailey Dynamic A Acc,21/05/2020,GB00B1LB2Z79B1LB2Z7,,77.83
T. Bailey Dynamic A Acc,22/05/2020,GB00B1LB2Z79B1LB2Z7,,77.94
T. Bailey Dynamic A Acc,26/05/2020,GB00B1LB2Z79B1LB2Z7,,78.24
T. Bailey Dynamic A Acc,27/05/2020,GB00B1LB2Z79B1LB2Z7,,78.47
T. Bailey Dynamic A Acc,28/05/2020,GB00B1LB2Z79B1LB2Z7,,78.64
T. Bailey Dynamic A Acc,29/05/2020,GB00B1LB2Z79B1LB2Z7,,78.98
T. Bailey Dynamic A Acc,01/06/2020,GB00B1LB2Z79B1LB2Z7,,79.17
T. Bailey Dynamic A Acc,02/06/2020,GB00B1LB2Z79B1LB2Z7,,79.5
T. Bailey Dynamic A Acc,03/06/2020,GB00B1LB2Z79B1LB2Z7,,79.7
T. Bailey Dynamic A Acc,04/06/2020,GB00B1LB2Z79B1LB2Z7,,79.89
T. Bailey Dynamic A Acc,05/06/2020,GB00B1LB2Z79B1LB2Z7,,80.01
T. Bailey Dynamic A Acc,08/06/2020,GB00B1LB2Z79B1LB2Z7,,80.12
T. Bailey Dynamic A Acc,09/06/2020,GB00B1LB2Z79B1LB2Z7,,80.15
T. Bailey Dynamic A Acc,10/06/2020,GB00B1LB2Z79B1LB2Z7,,80.3
T. Bailey Dynamic A Acc,11/06/2020,GB00B1LB2Z79B1LB2Z7,,80.22
T. Bailey Dynamic A Acc,12/06/2020,GB00B1LB2Z79B1LB2Z7,,79.72
T. Bailey Dynamic A Acc,15/06/2020,GB00B1LB2Z79B1LB2Z7,,79.1
T. Bailey Dynamic A Acc,16/06/2020,GB00B1LB2Z79B1LB2Z7,,79.62
T. Bailey Dynamic A Acc,17/06/2020,GB00B1LB2Z79B1LB2Z7,,79.95
T. Bailey Dynamic A Acc,18/06/2020,GB00B1LB2Z79B1LB2Z7,,80.28
T. Bailey Dynamic A Acc,19/06/2020,GB00B1LB2Z79B1LB2Z7,,80.56
T. Bailey Dynamic A Acc,22/06/2020,GB00B1LB2Z79B1LB2Z7,,80.78
