Fund Name,Correct At     (Date - dd/mm/yyyy ),ISIN Code,Fund Sedol,Current Price
T. Bailey Dynamic F Acc,16/12/2019,GB00BJQWRN41,BJQWRN4,83.62
T. Bailey Dynamic F Acc,17/12/2019,GB00BJQWRN41,BJQWRN4,83.84
T. Bailey Dynamic F Acc,18/12/2019,GB00BJQWRN41,BJQWRN4,84.05
T. Bailey Dynamic F Acc,19/12/2019,GB00BJQWRN41,BJQWRN4,84.26
T. Bailey Dynamic F Acc,20/12/2019,GB00BJQWRN41,BJQWRN4,84.44
T. Bailey Dynamic F Acc,23/12/2019,GB00BJQWRN41,BJQWRN4,84.67
T. Bailey Dynamic F Acc,24/12/2019,GB00BJQWRN41,BJQWRN4,84.81
T. Bailey Dynamic F Acc,27/12/2019,GB00BJQWRN41,BJQWRN4,85.13
T. Bailey Dynamic F Acc,30/12/2019,GB00BJQWRN41,BJQWRN4,85.09
T. Bailey Dynamic F Acc,31/12/2019,GB00BJQWRN41,BJQWRN4,85.24
T. Bailey Dynamic F Acc,02/01/2020,GB00BJQWRN41,BJQWRN4,85.25
T. Bailey Dynamic F Acc,03/01/2020,GB00BJQWRN41,BJQWRN4,85.32
T. Bailey Dynamic F Acc,06/01/2020,GB00BJQWRN41,BJQWRN4,85.41
T. Bailey Dynamic F Acc,07/01/2020,GB00BJQWRN41,BJQWRN4,85.23
T. Bailey Dynamic F Acc,08/01/2020,GB00BJQWRN41,BJQWRN4,85.36
T. Bailey Dynamic F Acc,09/01/2020,GB00BJQWRN41,BJQWRN4,85.23
T. Bailey Dynamic F Acc,10/01/2020,GB00BJQWRN41,BJQWRN4,85.45
T. Bailey Dynamic F Acc,13/01/2020,GB00BJQWRN41,BJQWRN4,85.63
T. Bailey Dynamic F Acc,14/01/2020,GB00BJQWRN41,BJQWRN4,85.71
T. Bailey Dynamic F Acc,15/01/2020,GB00BJQWRN41,BJQWRN4,85.82
T. Bailey Dynamic F Acc,16/01/2020,GB00BJQWRN41,BJQWRN4,85.94
T. Bailey Dynamic F Acc,17/01/2020,GB00BJQWRN41,BJQWRN4,86.05
T. Bailey Dynamic F Acc,20/01/2020,GB00BJQWRN41,BJQWRN4,86.12
T. Bailey Dynamic F Acc,21/01/2020,GB00BJQWRN41,BJQWRN4,86.04
T. Bailey Dynamic F Acc,22/01/2020,GB00BJQWRN41,BJQWRN4,85.79
T. Bailey Dynamic F Acc,23/01/2020,GB00BJQWRN41,BJQWRN4,85.78
T. Bailey Dynamic F Acc,24/01/2020,GB00BJQWRN41,BJQWRN4,85.71
T. Bailey Dynamic F Acc,27/01/2020,GB00BJQWRN41,BJQWRN4,85.71
T. Bailey Dynamic F Acc,28/01/2020,GB00BJQWRN41,BJQWRN4,85.13
T. Bailey Dynamic F Acc,29/01/2020,GB00BJQWRN41,BJQWRN4,85.02
T. Bailey Dynamic F Acc,30/01/2020,GB00BJQWRN41,BJQWRN4,85.07
T. Bailey Dynamic F Acc,31/01/2020,GB00BJQWRN41,BJQWRN4,84.75
T. Bailey Dynamic F Acc,03/02/2020,GB00BJQWRN41,BJQWRN4,84.51
T. Bailey Dynamic F Acc,04/02/2020,GB00BJQWRN41,BJQWRN4,84.39
T. Bailey Dynamic F Acc,05/02/2020,GB00BJQWRN41,BJQWRN4,84.7
T. Bailey Dynamic F Acc,06/02/2020,GB00BJQWRN41,BJQWRN4,85.05
T. Bailey Dynamic F Acc,07/02/2020,GB00BJQWRN41,BJQWRN4,85.21
T. Bailey Dynamic F Acc,10/02/2020,GB00BJQWRN41,BJQWRN4,85.2
T. Bailey Dynamic F Acc,11/02/2020,GB00BJQWRN41,BJQWRN4,85.06
T. Bailey Dynamic F Acc,12/02/2020,GB00BJQWRN41,BJQWRN4,85.32
T. Bailey Dynamic F Acc,13/02/2020,GB00BJQWRN41,BJQWRN4,85.4
T. Bailey Dynamic F Acc,14/02/2020,GB00BJQWRN41,BJQWRN4,85.38
T. Bailey Dynamic F Acc,17/02/2020,GB00BJQWRN41,BJQWRN4,85.45
T. Bailey Dynamic F Acc,18/02/2020,GB00BJQWRN41,BJQWRN4,85.59
T. Bailey Dynamic F Acc,19/02/2020,GB00BJQWRN41,BJQWRN4,85.45
T. Bailey Dynamic F Acc,20/02/2020,GB00BJQWRN41,BJQWRN4,85.72
T. Bailey Dynamic F Acc,21/02/2020,GB00BJQWRN41,BJQWRN4,85.83
T. Bailey Dynamic F Acc,24/02/2020,GB00BJQWRN41,BJQWRN4,85.79
T. Bailey Dynamic F Acc,25/02/2020,GB00BJQWRN41,BJQWRN4,85.08
T. Bailey Dynamic F Acc,26/02/2020,GB00BJQWRN41,BJQWRN4,84.27
T. Bailey Dynamic F Acc,27/02/2020,GB00BJQWRN41,BJQWRN4,83.43
T. Bailey Dynamic F Acc,28/02/2020,GB00BJQWRN41,BJQWRN4,82.68
T. Bailey Dynamic F Acc,02/03/2020,GB00BJQWRN41,BJQWRN4,81.37
T. Bailey Dynamic F Acc,03/03/2020,GB00BJQWRN41,BJQWRN4,81.27
T. Bailey Dynamic F Acc,04/03/2020,GB00BJQWRN41,BJQWRN4,81.99
T. Bailey Dynamic F Acc,05/03/2020,GB00BJQWRN41,BJQWRN4,82.19
T. Bailey Dynamic F Acc,06/03/2020,GB00BJQWRN41,BJQWRN4,82.22
T. Bailey Dynamic F Acc,09/03/2020,GB00BJQWRN41,BJQWRN4,79.18
T. Bailey Dynamic F Acc,10/03/2020,GB00BJQWRN41,BJQWRN4,79.7
T. Bailey Dynamic F Acc,11/03/2020,GB00BJQWRN41,BJQWRN4,78.52
T. Bailey Dynamic F Acc,12/03/2020,GB00BJQWRN41,BJQWRN4,75.35
T. Bailey Dynamic F Acc,13/03/2020,GB00BJQWRN41,BJQWRN4,75.95
T. Bailey Dynamic F Acc,16/03/2020,GB00BJQWRN41,BJQWRN4,73.7
T. Bailey Dynamic F Acc,17/03/2020,GB00BJQWRN41,BJQWRN4,71.01
T. Bailey Dynamic F Acc,18/03/2020,GB00BJQWRN41,BJQWRN4,69.6
T. Bailey Dynamic F Acc,19/03/2020,GB00BJQWRN41,BJQWRN4,67.64
T. Bailey Dynamic F Acc,23/03/2020,GB00BJQWRN41,BJQWRN4,65.8
T. Bailey Dynamic F Acc,24/03/2020,GB00BJQWRN41,BJQWRN4,67.05
T. Bailey Dynamic F Acc,25/03/2020,GB00BJQWRN41,BJQWRN4,69.93
T. Bailey Dynamic F Acc,26/03/2020,GB00BJQWRN41,BJQWRN4,68.91
T. Bailey Dynamic F Acc,27/03/2020,GB00BJQWRN41,BJQWRN4,71.26
T. Bailey Dynamic F Acc,30/03/2020,GB00BJQWRN41,BJQWRN4,71.07
T. Bailey Dynamic F Acc,31/03/2020,GB00BJQWRN41,BJQWRN4,71.08
T. Bailey Dynamic F Acc,01/04/2020,GB00BJQWRN41,BJQWRN4,71.42
T. Bailey Dynamic F Acc,02/04/2020,GB00BJQWRN41,BJQWRN4,71.05
T. Bailey Dynamic F Acc,03/04/2020,GB00BJQWRN41,BJQWRN4,70.79
T. Bailey Dynamic F Acc,06/04/2020,GB00BJQWRN41,BJQWRN4,71.11
T. Bailey Dynamic F Acc,07/04/2020,GB00BJQWRN41,BJQWRN4,72.13
T. Bailey Dynamic F Acc,08/04/2020,GB00BJQWRN41,BJQWRN4,72.91
T. Bailey Dynamic F Acc,09/04/2020,GB00BJQWRN41,BJQWRN4,73.31
T. Bailey Dynamic F Acc,14/04/2020,GB00BJQWRN41,BJQWRN4,74.13
T. Bailey Dynamic F Acc,15/04/2020,GB00BJQWRN41,BJQWRN4,74.4
T. Bailey Dynamic F Acc,16/04/2020,GB00BJQWRN41,BJQWRN4,74.42
T. Bailey Dynamic F Acc,17/04/2020,GB00BJQWRN41,BJQWRN4,74.38
T. Bailey Dynamic F Acc,20/04/2020,GB00BJQWRN41,BJQWRN4,74.8
T. Bailey Dynamic F Acc,21/04/2020,GB00BJQWRN41,BJQWRN4,74.73
T. Bailey Dynamic F Acc,22/04/2020,GB00BJQWRN41,BJQWRN4,74.65
T. Bailey Dynamic F Acc,23/04/2020,GB00BJQWRN41,BJQWRN4,74.91
T. Bailey Dynamic F Acc,24/04/2020,GB00BJQWRN41,BJQWRN4,75.12
T. Bailey Dynamic F Acc,27/04/2020,GB00BJQWRN41,BJQWRN4,75.34
T. Bailey Dynamic F Acc,28/04/2020,GB00BJQWRN41,BJQWRN4,75.64
T. Bailey Dynamic F Acc,29/04/2020,GB00BJQWRN41,BJQWRN4,75.94
T. Bailey Dynamic F Acc,30/04/2020,GB00BJQWRN41,BJQWRN4,76.13
T. Bailey Dynamic F Acc,01/05/2020,GB00BJQWRN41,BJQWRN4,75.82
T. Bailey Dynamic F Acc,04/05/2020,GB00BJQWRN41,BJQWRN4,75.46
T. Bailey Dynamic F Acc,05/05/2020,GB00BJQWRN41,BJQWRN4,75.47
T. Bailey Dynamic F Acc,06/05/2020,GB00BJQWRN41,BJQWRN4,75.53
T. Bailey Dynamic F Acc,07/05/2020,GB00BJQWRN41,BJQWRN4,75.68
T. Bailey Dynamic F Acc,11/05/2020,GB00BJQWRN41,BJQWRN4,76.17
T. Bailey Dynamic F Acc,12/05/2020,GB00BJQWRN41,BJQWRN4,76.59
T. Bailey Dynamic F Acc,13/05/2020,GB00BJQWRN41,BJQWRN4,76.6
T. Bailey Dynamic F Acc,14/05/2020,GB00BJQWRN41,BJQWRN4,76.26
T. Bailey Dynamic F Acc,15/05/2020,GB00BJQWRN41,BJQWRN4,76.09
T. Bailey Dynamic F Acc,18/05/2020,GB00BJQWRN41,BJQWRN4,76.55
T. Bailey Dynamic F Acc,19/05/2020,GB00BJQWRN41,BJQWRN4,77.07
T. Bailey Dynamic F Acc,20/05/2020,GB00BJQWRN41,BJQWRN4,77.67
T. Bailey Dynamic F Acc,21/05/2020,GB00BJQWRN41,BJQWRN4,77.91
T. Bailey Dynamic F Acc,22/05/2020,GB00BJQWRN41,BJQWRN4,78.02
T. Bailey Dynamic F Acc,26/05/2020,GB00BJQWRN41,BJQWRN4,78.32
T. Bailey Dynamic F Acc,27/05/2020,GB00BJQWRN41,BJQWRN4,78.55
T. Bailey Dynamic F Acc,28/05/2020,GB00BJQWRN41,BJQWRN4,78.72
T. Bailey Dynamic F Acc,29/05/2020,GB00BJQWRN41,BJQWRN4,79.06
T. Bailey Dynamic F Acc,01/06/2020,GB00BJQWRN41,BJQWRN4,79.26
T. Bailey Dynamic F Acc,02/06/2020,GB00BJQWRN41,BJQWRN4,79.59
T. Bailey Dynamic F Acc,03/06/2020,GB00BJQWRN41,BJQWRN4,79.79
T. Bailey Dynamic F Acc,04/06/2020,GB00BJQWRN41,BJQWRN4,79.98
T. Bailey Dynamic F Acc,05/06/2020,GB00BJQWRN41,BJQWRN4,80.1
T. Bailey Dynamic F Acc,08/06/2020,GB00BJQWRN41,BJQWRN4,80.2
T. Bailey Dynamic F Acc,09/06/2020,GB00BJQWRN41,BJQWRN4,80.23
T. Bailey Dynamic F Acc,10/06/2020,GB00BJQWRN41,BJQWRN4,80.38
T. Bailey Dynamic F Acc,11/06/2020,GB00BJQWRN41,BJQWRN4,80.31
T. Bailey Dynamic F Acc,12/06/2020,GB00BJQWRN41,BJQWRN4,79.81
T. Bailey Dynamic F Acc,15/06/2020,GB00BJQWRN41,BJQWRN4,79.18
T. Bailey Dynamic F Acc,16/06/2020,GB00BJQWRN41,BJQWRN4,79.7
T. Bailey Dynamic F Acc,17/06/2020,GB00BJQWRN41,BJQWRN4,80.04
T. Bailey Dynamic F Acc,18/06/2020,GB00BJQWRN41,BJQWRN4,80.37
T. Bailey Dynamic F Acc,19/06/2020,GB00BJQWRN41,BJQWRN4,80.65
T. Bailey Dynamic F Acc,22/06/2020,GB00BJQWRN41,BJQWRN4,80.87
